{
  "Mean_RR": {
    "mean": 0.8268145322799683,
    "std": 0.17331820726394653
  },
  "Std_RR": {
    "mean": 0.1298743039369583,
    "std": 0.10014648735523224
  },
  "Mean_PR": {
    "mean": 0.12774600088596344,
    "std": 0.039001934230327606
  },
  "Mean_QRS": {
    "mean": 0.14467042684555054,
    "std": 0.012122848071157932
  },
  "Mean_QT": {
    "mean": 0.23675578832626343,
    "std": 0.03003523126244545
  },
  "HR_Mean": {
    "mean": 79.85087585449219,
    "std": 16.0213565826416
  },
  "Signal_Mean": {
    "mean": 1.0389800081611611e-05,
    "std": 0.00014121131971478462
  },
  "Signal_Std": {
    "mean": 0.058351125568151474,
    "std": 0.013788926415145397
  },
  "Signal_Kurtosis": {
    "mean": 11.654804229736328,
    "std": 8.832643508911133
  },
  "Signal_Skewness": {
    "mean": -0.44307956099510193,
    "std": 0.8827133774757385
  }
}