{
  "clean_acc": 0.8916083916083916,
  "attacks": {
    "none": {
      "robust_acc": null,
      "per_class_asr": {}
    },
    "fgsm": {
      "robust_acc": 0.8636363636363636,
      "per_class_asr": {
        "0": 0.0855,
        "1": 0.0122,
        "2": 0.0059,
        "3": 0.0734,
        "4": 0.0
      }
    },
    "pgd": {
      "robust_acc": 0.8624708624708625,
      "per_class_asr": {
        "0": 0.0855,
        "1": 0.0122,
        "2": 0.0059,
        "3": 0.0826,
        "4": 0.0
      }
    },
    "advgan": {
      "robust_acc": 0.7447552447552448,
      "per_class_asr": {
        "0": 0.1579,
        "1": 0.0,
        "2": 0.574,
        "3": 0.156,
        "4": 0.0
      }
    }
  }
}