round,global_acc,clients
1,0.7843822843822844,3
2,0.8158508158508159,3
3,0.8566433566433567,3
4,0.8613053613053613,3
5,0.8776223776223776,3
